timestamp,open,high,low,close,volume
2023-05-02,281.23,304.28,281.23,304.28,140
2023-05-03,310.34,322.81,310.34,322.81,40
2023-05-04,329.22,349.27,329.22,349.27,50
2023-05-07,356.24,377.97,356.24,377.97,50
2023-05-08,385.49,400.95,385.49,400.95,30
2023-05-09,408.96,417.11,408.96,417.11,20
2023-05-10,425.4,433.89,425.4,433.89,20
2023-05-11,442.53,460.36,442.53,460.36,30
2023-05-14,469.55,506.39,469.55,506.39,60
2023-05-15,516.49,537.32,516.49,537.32,40
2023-05-16,537.25,591.01,537.25,591.01,110
2023-05-17,602.78,650.07,602.78,650.07,50
2023-05-18,650.07,715.05,650.07,715.05,90
2023-05-21,729.33,786.51,729.33,786.51,100
2023-05-22,802.18,865.14,802.18,865.14,150
2023-05-23,882.41,951.64,882.41,951.64,110
2023-05-24,970.65,1046.78,970.65,1046.78,110
2023-05-28,1067.67,1151.45,1067.67,1151.45,380
2023-05-30,1174.44,1266.58,1174.44,1266.58,620
2023-05-31,1291.23,1393.19,1291.23,1393.19,4450
2023-06-01,1421.05,1478.44,1272.43,1317.7,17373
2023-06-04,1317.7,1376.2,1316.31,1357.4,7100
2023-06-05,1344.16,1344.16,1323.27,1325.36,4152
2023-06-06,1351.13,1378.85,1330.23,1365.75,4736
2023-06-07,1351.13,1378.99,1351.13,1365.06,3555
2023-06-08,1368.54,1368.54,1341.38,1351.82,2140
2023-06-11,1351.82,1434.01,1351.82,1427.74,5549
2023-06-12,1454.2,1455.6,1378.99,1420.77,3350
2023-06-13,1396.4,1440.28,1369.93,1425.65,2808
2023-06-14,1420.77,1483.46,1420.77,1434.7,5476
2023-06-15,1441.67,1532.21,1422.17,1483.46,3887
2023-06-18,1497.38,1631.8,1497.38,1631.8,4917
2023-06-19,1664.4,1764.82,1638.07,1691.7,4367
2023-06-20,1725.47,1794.08,1628.32,1629.71,1660
2023-06-21,1657.57,1657.57,1598.65,1621.56,2854
2023-06-22,1602.62,1648.52,1602.62,1615.85,1223
2023-06-25,1622.75,1704.86,1615.78,1690.3,2393
2023-06-26,1720.25,1739.06,1661.26,1678.46,1168
2023-06-27,1677.77,1846.31,1671.5,1782.93,5220
2023-06-28,1817.76,1818.45,1724.57,1735.02,3225
2023-07-02,1700.75,1720.25,1643.71,1643.71,2100
2023-07-03,1612.44,1671.5,1603.25,1628.32,1514
2023-07-04,1660.36,1693.09,1601.85,1668.71,1274
2023-07-05,1635.98,1638.07,1606.03,1631.1,1163
2023-07-06,1663.14,1663.14,1600.6,1629.02,2249
2023-07-09,1661.05,1671.5,1610.21,1671.5,1318
2023-07-10,1704.93,1738.92,1640.99,1649.91,857
2023-07-11,1622.05,1635.28,1601.85,1608.12,3080
2023-07-12,1601.85,1688.91,1601.85,1643.64,1728
2023-07-13,1668.71,1699.36,1632.5,1663.63,2206
2023-07-16,1692.32,1692.32,1636.68,1646.36,980
2023-07-17,1636.68,1674.98,1636.68,1664.6,1533
2023-07-18,1664.53,1695.88,1659.45,1688.91,2604
2023-07-19,1671.5,1688.91,1671.5,1678.46,1179
2023-07-20,1678.46,1688.84,1619.26,1640.16,3026
2023-07-23,1613.34,1702.84,1613.34,1678.46,1988
2023-07-24,1688.91,1688.91,1647.82,1661.05,1090
2023-07-25,1688.21,1688.21,1598.37,1608.89,3263
2023-07-26,1609.51,1647.12,1576.78,1618.92,2235
2023-07-27,1646.43,1646.43,1603.25,1606.03,759
2023-07-30,1588.62,1594.89,1549.62,1570.51,1672
2023-07-31,1542.65,1591.41,1542.65,1587.92,966
2023-08-01,1598.37,1598.37,1539.17,1553.1,1109
2023-08-02,1526.84,1580.96,1526.84,1551.71,520
2023-08-03,1572.6,1572.6,1539.17,1543.35,557
2023-08-06,1525.24,1539.87,1495.36,1511.31,1569
2023-08-07,1484.85,1532.21,1484.85,1518.28,3052
2023-08-08,1490.42,1497.38,1454.9,1488.33,2198
2023-08-09,1459.78,1486.94,1436.79,1486.94,1256
2023-08-10,1459.08,1476.49,1438.19,1462.7,1436
2023-08-13,1455.6,1462.56,1434.98,1443.83,570
2023-08-14,1443.83,1462.42,1431.22,1431.29,1267
2023-08-15,1420.84,1431.29,1414.51,1431.22,1279
2023-08-16,1459.78,1459.78,1420.77,1434.7,450
2023-08-17,1414.51,1455.6,1414.51,1455.6,815
2023-08-20,1461.87,1462.56,1427.74,1431.22,773
2023-08-21,1424.26,1455.6,1420.77,1452.11,956
2023-08-22,1428.44,1481.02,1427.74,1451.42,402
2023-08-23,1427.81,1477.19,1427.81,1476.14,631
2023-08-24,1462.56,1462.56,1438.19,1438.19,355
2023-08-27,1436.1,1447.94,1421.19,1421.19,360
2023-08-28,1449.54,1563.27,1410.33,1445.15,610
2023-08-29,1428.16,1428.16,1420.98,1427.74,433
2023-08-30,1417.29,1442.36,1415.2,1424.26,230
2023-09-03,1397.79,1426.35,1397.79,1411.02,444
2023-09-04,1383.86,1519.67,1383.86,1519.67,715
2023-09-05,1489.31,1489.72,1408.45,1410.4,843
2023-09-07,1413.81,1413.81,1391.52,1391.52,490
2023-09-10,1392.22,1418.68,1378.99,1378.99,965
2023-09-11,1354.75,1434.63,1354.75,1434.01,544
2023-09-12,1434.7,1455.6,1392.92,1392.92,240
2023-09-13,1392.92,1420.77,1377.45,1420.77,633
2023-09-17,1392.92,1407.54,1389.43,1394.38,465
2023-09-18,1392.92,1420.77,1389.43,1389.43,121
2023-09-19,1390.13,1403.36,1383.17,1392.92,325
2023-09-21,1420.77,1427.74,1403.36,1410.75,439
2023-09-24,1406.85,1431.64,1396.4,1403.36,741
2023-09-25,1394.38,1408.93,1394.38,1406.85,160
2023-09-26,1406.85,1426.35,1403.36,1414.51,401
2023-09-27,1410.33,1410.33,1394.31,1396.4,680
2023-10-01,1372.72,1392.92,1372.72,1380.38,345
2023-10-02,1378.99,1392.92,1366.52,1379.13,470
2023-10-03,1369.24,1377.25,1351.89,1368.54,788
2023-10-04,1358.09,1378.99,1358.09,1378.99,435
2023-10-05,1367.15,1378.99,1367.15,1367.15,544
2023-10-08,1358.79,1367.15,1358.79,1359.49,395
2023-10-09,1344.16,1358.09,1340.75,1351.13,310
2023-10-10,1333.72,1340.75,1333.72,1337.27,386
2023-10-11,1327.45,1358.09,1326.96,1337.9,445
2023-10-12,1319.79,1344.16,1319.79,1322.57,391
2023-10-16,1300.29,1321.88,1288.45,1288.45,390
2023-10-17,1288.45,1313.87,1288.45,1299.59,200
2023-10-18,1295.41,1339.29,1289.21,1317.14,139
2023-10-19,1297.57,1344.16,1297.57,1319.79,263
2023-10-29,1295.48,1314.91,1287.96,1312.82,1845
2023-10-30,1288.45,1314.22,1288.45,1296.8,110
2023-10-31,1275.91,1302.38,1275.91,1295.41,120
2023-11-01,1288.45,1298.89,1275.28,1281.83,310
2023-11-02,1271.8,1281.48,1267.55,1267.55,560
2023-11-05,1261.29,1261.29,1240.39,1240.39,400
2023-11-06,1219.5,1264.07,1219.5,1259.89,410
2023-11-07,1239.76,1260.59,1239.76,1243.87,100
2023-11-08,1239.7,1266.16,1239.7,1246.66,270
2023-11-09,1248.05,1257.8,1248.05,1253.62,135
2023-11-20,1231.34,1253.83,1204.87,1218.8,1440
2023-11-21,1239.7,1239.7,1190.66,1194.43,725
2023-11-22,1211.84,1235.52,1183.98,1215.32,621
2023-11-23,1214.62,1218.8,1195.12,1195.12,464
2023-11-26,1201.39,1201.39,1166.57,1166.57,2516
2023-11-27,1160.3,1188.85,1102.49,1135.23,2570
2023-11-28,1117.12,1177.01,1101.38,1177.01,1085
2023-11-29,1177.01,1190.25,1107.37,1137.32,641
2023-11-30,1121.99,1137.32,1107.37,1107.37,541
2023-12-03,1114.33,1114.33,1079.51,1079.51,1444
2023-12-04,1079.51,1110.85,1079.51,1080.35,541
2023-12-05,1100.4,1114.33,1082.99,1093.44,310
2023-12-06,1093.44,1105.98,1088.01,1105.28,340
2023-12-07,1100.4,1114.33,1086.47,1086.47,999
2023-12-10,1108.2,1152.92,1108.2,1152.92,145
2023-12-11,1175.97,1223.4,1108.76,1124.78,2413
2023-12-12,1124.78,1164.48,1117.88,1155.42,2086
2023-12-13,1178.48,1225.42,1157.51,1170.05,1413
2023-12-14,1152.78,1170.05,1149.16,1156.12,290
2023-12-17,1135.23,1175.62,1135.23,1175.62,427
2023-12-18,1183.98,1293.18,1160.3,1239.7,3125
2023-12-19,1264.49,1363.66,1252.44,1300.98,1540
2023-12-20,1326.96,1340.68,1254.39,1278.7,1776
2023-12-21,1304.26,1375.5,1257.11,1264.07,1394
2023-12-24,1289.35,1289.35,1239.7,1252.23,3060
2023-12-27,1274.52,1284.96,1250.14,1253.62,1574
2023-12-28,1246.66,1281.48,1239.7,1271.04,1499
2024-01-01,1296.4,1346.04,1296.4,1315.4,1250
2024-01-02,1317.7,1332.18,1315.55,1316.93,785
2024-01-03,1302.45,1340.68,1302.38,1340.68,1237
2024-01-04,1340.68,1368.26,1340.68,1340.68,1355
2024-01-07,1325.36,1367.5,1293.72,1308.51,1740
2024-01-08,1310.04,1340.68,1297.17,1310.88,756
2024-01-09,1284.76,1348.34,1284.76,1314.63,1038
2024-01-10,1302.61,1372.09,1302.61,1336.85,1090
2024-01-11,1359.83,1378.99,1325.44,1340.68,725
2024-01-14,1352.17,1388.95,1339.92,1388.95,3079
2024-01-16,1413.46,1474.52,1395.07,1445.64,2358
2024-01-17,1447.94,1456.36,1417.29,1417.29,1642
2024-01-18,1390.48,1436.44,1378.99,1405.8,550
2024-01-21,1406.57,1439.36,1405.8,1408.1,2100
2024-01-22,1435.68,1435.68,1384.35,1385.12,1899
2024-01-23,1357.46,1463.56,1357.46,1398.29,1994
2024-01-24,1398.14,1454.75,1387.41,1402.74,1539
2024-01-25,1401.97,1430.01,1375.16,1403.5,1315
2024-01-28,1428.78,1429.55,1381.29,1429.55,310
2024-01-29,1428.78,1428.78,1401.97,1418.06,1285
2024-01-30,1421.12,1432.61,1408.1,1432.61,342
2024-01-31,1404.27,1463.26,1386.65,1424.95,1212
2024-02-01,1401.97,1414.23,1396.61,1413.46,385
2024-02-04,1394.31,1437.21,1390.63,1417.29,905
2024-02-05,1445.56,1456.29,1398.22,1402.2,681
2024-02-06,1402.2,1415.76,1379.91,1380.21,930
2024-02-07,1405.8,1435.45,1382.05,1394.39,559
2024-02-08,1401.97,1417.29,1390.48,1390.48,50
2024-02-11,1418.29,1418.29,1394.31,1396.61,484
2024-02-12,1394.31,1422.27,1394.31,1398.14,495
2024-02-13,1409.63,1426.1,1380.06,1386.65,591
2024-02-14,1379.22,1382.82,1376.31,1378.99,240
2024-02-15,1378.99,1492.6,1369.1,1413.46,1863
2024-02-18,1413.46,1413.46,1382.82,1382.82,350
2024-02-20,1361.83,1378.99,1361.83,1378.99,290
2024-02-21,1378.99,1496.97,1366.42,1496.2,5664
2024-02-22,1496.2,1547.53,1408.33,1534.51,4015
2024-02-25,1565.15,1565.15,1461.04,1486.24,1374
2024-02-26,1478.58,1492.37,1447.94,1492.37,1245
2024-02-27,1470.92,1498.5,1434.15,1498.5,585
2024-02-28,1524.55,1528.38,1448.01,1496.97,310
2024-02-29,1501.56,1513.05,1437.36,1437.36,570
2024-03-03,1436.44,1464.79,1409.32,1464.79,567
2024-03-04,1494.06,1523.93,1494.06,1523.93,20
2024-03-05,1493.52,1493.52,1446.4,1446.4,370
2024-03-06,1447.94,1467.85,1422.04,1459.43,239
2024-03-07,1488.54,1488.54,1430.47,1430.47,200
2024-03-10,1459.04,1515.35,1433.0,1464.87,1515
2024-03-12,1455.6,1569.75,1455.6,1569.75,3481
2024-03-13,1592.73,1726.72,1592.73,1714.54,8512
2024-03-14,1681.6,1735.22,1593.57,1657.39,2868
2024-03-17,1683.05,1719.14,1672.4,1714.46,8575
2024-03-18,1685.43,1727.56,1624.14,1698.45,5300
2024-03-19,1715.31,1727.49,1671.64,1685.43,1370
2024-03-20,1685.43,1726.8,1670.87,1689.26,1872
2024-03-21,1656.47,1656.47,1570.74,1631.03,1958
2024-03-25,1598.86,1598.86,1487.16,1487.16,2141
2024-03-26,1516.89,1547.53,1505.39,1526.08,880
2024-03-27,1516.89,1516.89,1516.89,1516.89,70
2024-03-28,1516.12,1546.76,1511.98,1518.42,1465
2024-03-31,1532.21,1532.21,1505.39,1509.22,180
2024-04-01,1505.39,1505.39,1479.35,1479.5,1261
2024-04-02,1478.58,1509.22,1451.0,1509.22,2580
2024-04-03,1532.21,1585.83,1524.55,1566.68,3020
2024-04-04,1547.53,1620.31,1547.53,1594.26,1871
2024-04-07,1574.34,1623.76,1574.34,1599.62,830
2024-04-09,1596.56,1596.56,1546.61,1562.85,885
2024-04-10,1552.89,1578.17,1479.35,1479.35,1240
2024-04-14,1493.9,1555.19,1479.35,1528.38,1140
2024-04-15,1532.21,1578.17,1524.55,1562.85,818
2024-04-16,1562.85,1562.85,1501.56,1501.56,325
2024-04-18,1486.24,1501.56,1478.58,1501.56,441
2024-04-21,1493.9,1505.55,1475.52,1505.55,875
2024-04-22,1535.27,1535.27,1480.88,1480.88,152
2024-04-24,1470.92,1510.45,1467.47,1486.32,309
2024-04-25,1486.24,1541.4,1472.91,1472.91,200
2024-04-28,1478.58,1502.33,1478.58,1490.07,290
2024-04-29,1463.33,1505.39,1463.26,1505.39,619
2024-04-30,1475.52,1506.54,1475.52,1506.16,700
2024-05-02,1531.44,1566.68,1529.91,1529.91,536
2024-05-05,1532.21,1560.48,1494.67,1494.75,911
2024-05-06,1486.24,1505.39,1471.07,1505.39,739
2024-05-07,1493.9,1502.33,1493.9,1502.33,235
2024-05-08,1513.05,1550.59,1513.05,1550.59,1582
2024-05-09,1576.64,1576.64,1524.55,1532.21,342
2024-05-12,1562.85,1562.85,1521.18,1547.38,509
2024-05-13,1532.21,1549.52,1517.19,1549.52,417
2024-05-14,1549.52,1647.12,1539.87,1637.09,4505
2024-05-15,1635.63,1662.45,1603.46,1624.14,3366
2024-05-16,1642.53,1707.65,1616.48,1676.23,4308
2024-05-19,1647.12,1843.86,1647.12,1843.86,10618
2024-05-20,1880.02,1984.44,1755.14,1817.43,6568
2024-05-21,1781.96,1830.99,1723.81,1811.07,4855
2024-05-22,1811.07,1847.23,1727.56,1727.56,3364
2024-05-26,1727.56,1827.16,1703.05,1826.24,5211
2024-05-27,1862.7,1975.02,1764.41,1838.65,3389
2024-05-29,1875.42,1875.42,1739.06,1740.59,1935
2024-05-30,1775.37,1801.11,1709.94,1716.07,4215
2024-06-02,1689.26,1749.78,1685.58,1731.39,616
2024-06-03,1731.39,1868.53,1702.44,1827.16,3797
2024-06-04,1792.68,1857.04,1792.68,1792.68,4636
2024-06-05,1771.31,1863.93,1771.31,1794.21,2975
2024-06-06,1808.0,1834.05,1781.96,1795.75,2588
2024-06-09,1831.6,1834.82,1792.68,1804.17,2662
2024-06-10,1770.54,1837.88,1770.54,1814.9,3716
2024-06-11,1782.8,1837.88,1782.8,1792.68,1510
2024-06-12,1828.54,1901.47,1764.34,1830.99,563
2024-06-13,1796.51,1815.67,1763.03,1792.68,1305
2024-06-16,1765.18,1811.84,1765.18,1772.07,3162
2024-06-18,1754.45,1869.14,1754.45,1837.88,4662
2024-06-19,1853.97,1972.72,1853.97,1972.72,6359
2024-06-20,2012.17,2012.17,1907.6,1915.26,1162
2024-06-23,1876.95,1912.96,1824.86,1838.65,1517
2024-06-24,1869.29,1869.29,1802.72,1837.12,1084
2024-06-25,1838.65,1838.65,1791.92,1835.2,1332
2024-06-26,1807.24,1860.87,1807.24,1833.98,1152
2024-06-27,1838.65,1838.65,1767.4,1838.65,3526
2024-06-30,1803.56,1837.12,1773.53,1800.34,468
2024-07-01,1777.36,1824.09,1777.36,1824.09,1367
2024-07-02,1860.56,1897.64,1802.64,1823.33,1039
2024-07-03,1788.85,1821.03,1762.27,1819.5,3110
2024-07-04,1785.02,1838.65,1785.02,1838.65,1659
2024-07-07,1838.65,1853.2,1821.03,1849.99,1473
2024-07-08,1867.76,1876.95,1796.51,1852.36,4827
2024-07-09,1876.95,2037.53,1876.95,2037.53,9114
2024-07-10,2076.14,2203.93,2038.6,2129.77,3771
2024-07-11,2168.07,2183.4,2017.15,2053.16,3410
2024-07-14,2094.22,2129.77,1999.53,2007.96,3277
2024-07-15,2011.79,2087.63,1953.56,2087.63,3368
2024-07-16,2087.63,2087.63,2013.32,2043.2,956
2024-07-17,2015.62,2099.12,2015.62,2099.12,1868
2024-07-18,2099.12,2187.99,2089.32,2155.05,7363
2024-07-21,2155.05,2155.05,2099.12,2132.07,2996
2024-07-22,2115.29,2115.98,2030.94,2099.12,4811
2024-07-23,2087.63,2118.28,2057.14,2099.12,4283
2024-07-24,2060.82,2083.8,2004.66,2025.58,5316
2024-07-25,2049.33,2187.99,2049.33,2187.99,6115
2024-07-28,2203.62,2357.3,2122.87,2356.54,5718
2024-07-29,2356.54,2356.54,2199.48,2228.6,3201
2024-07-30,2260.01,2298.31,2187.23,2288.35,2776
2024-07-31,2334.09,2334.09,2079.97,2139.11,11354
2024-08-01,2171.9,2187.99,2091.46,2145.09,3434
2024-08-05,2145.09,2210.98,2109.08,2206.38,5124
2024-08-06,2191.82,2266.13,2162.71,2183.4,9259
2024-08-07,2168.07,2227.06,2164.24,2199.87,5278
2024-08-08,2240.85,2330.49,2200.33,2221.85,2330
2024-08-11,2244.68,2444.02,2177.27,2444.02,8053
2024-08-12,2395.15,2594.03,2395.15,2594.03,5770
2024-08-13,2593.26,2603.99,2354.24,2414.07,10145
2024-08-14,2411.69,2451.53,2321.37,2376.53,5410
2024-08-15,2424.03,2472.45,2138.96,2310.57,1598
2024-08-18,2264.6,2356.54,2237.02,2238.56,2078
2024-08-21,2238.56,2382.58,2223.77,2298.31,4239
2024-08-22,2282.99,2414.61,2282.99,2383.35,5556
2024-08-25,2359.6,2621.68,2352.02,2621.68,8062
2024-08-27,2674.09,2883.84,2615.78,2883.84,10535
2024-08-28,2936.48,3171.67,2770.23,3171.67,3182
2024-08-29,3108.24,3363.2,2969.42,3125.7,4156
2024-09-01,3063.19,3125.7,3003.89,3125.7,2960
2024-09-02,3063.19,3307.27,2941.84,3117.28,2109
2024-09-03,3061.35,3428.31,3061.35,3428.31,6077
2024-09-04,3359.75,3600.69,3153.28,3600.69,3960
2024-09-05,3528.67,3960.76,3255.94,3960.76,3646
2024-09-08,3881.54,4308.57,3564.99,4052.69,8008
2024-09-09,3972.25,3982.97,3830.52,3895.71,2902
2024-09-10,3817.8,4129.3,3607.58,4121.64,3222
2024-09-11,4039.21,4370.62,3802.1,3945.43,5159
2024-09-12,4019.75,4019.75,3877.25,3945.43,702
2024-09-15,3867.29,3868.06,3790.68,3830.52,1820
2024-09-16,3753.91,4213.57,3692.62,4213.57,4441
2024-09-18,4129.3,4129.3,3888.74,3945.43,1949
2024-09-22,3868.82,4339.98,3754.67,4339.98,2920
2024-09-23,4253.18,4253.18,3907.21,4016.68,2230
2024-09-24,3936.39,3945.43,3716.37,3830.67,5653
2024-09-25,3754.06,4136.96,3680.44,4136.96,4855
2024-09-26,4054.22,4054.22,3792.29,3884.15,999
2024-09-29,3806.46,3812.13,3677.3,3807.54,402
2024-09-30,3731.38,4028.17,3602.22,3738.59,722
2024-10-01,3663.81,4037.67,3600.69,4037.67,3436
2024-10-02,3956.93,3956.93,3663.51,3753.91,1789
2024-10-06,3678.83,3715.6,3605.28,3677.3,562
2024-10-07,3606.05,3661.98,3543.23,3604.52,857
2024-10-08,3543.23,3543.23,3455.13,3458.96,2724
2024-10-09,3524.08,3524.08,3313.48,3315.7,2497
2024-10-15,3278.92,3420.65,3221.47,3344.04,2158
2024-10-16,3410.69,3631.33,3354.0,3631.33,1214
2024-10-17,3570.04,3570.04,3501.09,3521.01,422
2024-10-20,3450.61,3630.57,3249.05,3442.33,487
2024-10-21,3373.92,3562.38,3176.27,3373.92,2286
2024-10-22,3441.34,3579.24,3333.39,3375.53,1127
2024-10-23,3442.87,3657.38,3333.39,3412.99,1585
2024-10-24,3352.47,3594.56,3352.47,3384.65,1141
2024-10-27,3452.06,3611.41,3382.27,3486.54,1052
2024-10-28,3556.25,3734.37,3512.59,3585.37,1228
2024-10-29,3585.37,3750.84,3525.69,3677.3,1107
2024-10-30,3677.3,3845.84,3676.53,3792.21,1191
2024-11-05,3753.91,3762.57,3622.9,3667.34,325
2024-11-06,3733.22,3733.38,3612.95,3677.3,111
2024-11-10,3603.75,3715.6,3600.69,3600.69,1809
2024-11-11,3533.65,3706.26,3531.74,3677.3,1027
2024-11-12,3610.65,3738.59,3600.69,3605.28,454
2024-11-13,3547.06,3627.5,3547.06,3627.5,340
2024-11-14,3691.85,3750.84,3501.09,3661.98,2112
2024-11-17,3595.32,3809.83,3485.77,3639.76,10126
2024-11-19,3638.99,4003.73,3638.99,4003.66,9059
2024-11-20,4022.04,4022.04,3884.15,3907.13,605
2024-11-21,3976.84,3984.51,3842.01,3945.43,1655
2024-11-24,3866.53,3866.53,3788.38,3792.21,1244
2024-11-25,3724.03,3941.6,3716.37,3915.71,13543
2024-11-26,3922.45,3945.43,3831.36,3845.84,1221
2024-11-27,3845.84,3913.26,3832.05,3832.82,474
2024-11-28,3815.2,3976.08,3815.2,3976.08,3320
2024-12-01,3914.79,3914.79,3847.37,3907.13,574
2024-12-02,3837.41,3965.74,3677.3,3886.44,2140
2024-12-03,3832.05,3907.13,3830.6,3907.13,2069
2024-12-04,3922.45,3922.45,3843.62,3843.62,828
2024-12-05,3843.62,3907.13,3721.66,3899.47,3643
2024-12-08,3899.47,3899.47,3753.91,3792.21,430
2024-12-09,3792.21,3792.98,3753.91,3792.21,3193
2024-12-10,3757.82,3757.82,3754.06,3754.14,461
2024-12-11,3753.14,3827.45,3753.14,3827.45,841
2024-12-12,3751.69,3903.99,3751.61,3903.99,989
2024-12-16,3903.3,3903.3,3754.67,3762.95,177
2024-12-17,3688.02,3838.95,3688.02,3769.38,3317
2024-12-18,3694.15,3743.18,3639.76,3742.8,82
2024-12-19,3753.91,3914.1,3753.91,3907.13,1355
2024-12-22,3981.13,3982.13,3770.76,3830.52,305
2024-12-23,3757.74,4018.21,3688.87,3759.27,220
2024-12-24,3830.52,4135.2,3639.07,4135.2,10084
2024-12-26,4052.54,4548.66,4002.89,4548.66,4364
2024-12-29,4548.66,5002.66,4458.72,5002.66,9808
2024-12-31,4902.67,5400.44,4804.64,4849.02,2820
2025-01-01,4849.02,5330.42,4726.48,5330.42,1731
2025-01-02,5223.81,5750.55,4818.99,5750.55,13512
2025-01-05,5635.54,5635.54,5198.25,5356.67,1411
2025-01-06,5249.54,5892.34,4975.05,5892.34,10762
2025-01-07,5894.97,5894.97,5303.11,5303.11,514
2025-01-08,5197.11,5698.03,4772.87,5698.03,6320
2025-01-09,5811.99,5811.99,5811.99,5811.99,12
2025-01-12,5811.99,5811.99,5470.28,5470.28,58
2025-01-13,5360.96,5360.96,4923.33,4923.33,168
2025-01-15,4824.95,4824.95,4431.07,4593.44,3571
2025-01-16,4501.62,4501.62,4376.37,4472.82,1008
2025-01-19,4383.37,4452.43,4210.07,4452.43,766
2025-01-20,4428.88,4428.88,4302.84,4307.22,306
2025-01-21,4392.91,4480.53,4127.96,4301.97,1114
2025-01-22,4223.19,4376.37,4218.82,4374.62,582
2025-01-23,4376.37,4376.37,4227.57,4371.12,373
2025-01-26,4372.17,4375.49,4254.7,4254.7,356
2025-01-27,4170.68,4472.04,4170.68,4420.13,1400
2025-01-28,4331.73,4471.77,4331.73,4462.14,909
2025-02-02,4385.12,4593.44,4385.12,4586.43,3746
2025-02-03,4529.54,4766.74,4380.74,4766.74,4039
2025-02-04,4766.74,4766.74,4312.91,4593.44,3682
2025-02-05,4507.66,4507.66,4288.84,4506.78,5252
2025-02-06,4442.01,4455.14,4379.87,4381.62,2661
2025-02-09,4381.62,4385.12,4297.68,4332.6,3918
2025-02-10,4376.37,4376.37,4288.84,4371.99,2054
2025-02-11,4371.99,4371.99,4255.58,4280.09,1217
2025-02-12,4280.09,4358.86,4223.19,4245.08,1271
2025-02-13,4218.82,4271.33,4201.31,4227.57,800
2025-02-16,4201.31,4305.47,4201.31,4254.7,1363
2025-02-17,4329.89,4441.93,4262.58,4441.93,1659
2025-02-18,4441.14,4473.52,4333.48,4333.48,1158
2025-02-20,4364.99,4371.99,4256.46,4256.46,535
2025-02-23,4256.46,4376.37,4090.15,4345.65,1913
2025-02-24,4367.61,4367.61,4281.84,4281.84,624
2025-02-25,4236.32,4297.59,4227.66,4240.7,482
2025-02-27,4321.23,4321.23,4237.2,4240.7,566
2025-03-02,4240.7,4245.08,4155.89,4155.89,1153
2025-03-03,4158.42,4317.46,4131.29,4177.68,2653
2025-03-04,4113.79,4456.02,4113.79,4456.02,11457
2025-03-05,4366.91,4551.42,4366.91,4516.41,9092
2025-03-06,4426.08,4606.74,4381.62,4551.42,3710
2025-03-09,4560.18,4615.32,4288.84,4438.6,7730
2025-03-10,4446.39,4551.42,4377.33,4509.41,5637
2025-03-11,4446.39,4533.92,4376.46,4532.17,941
2025-03-12,4443.76,4551.42,4379.87,4551.42,573
2025-03-16,4460.39,4507.66,4284.46,4446.39,1427
2025-03-17,4368.49,4505.91,4358.86,4463.89,506
2025-03-18,4463.89,4549.58,4459.52,4459.61,1879
2025-03-19,4371.12,4523.41,4293.3,4495.4,4754
2025-03-20,4421.09,4446.39,4420.13,4424.51,326
2025-03-23,4437.64,4445.51,4380.74,4389.6,1303
2025-03-24,4375.49,4548.8,4375.49,4472.34,1998
2025-03-25,4385.03,4533.04,4382.93,4386.63,384
2025-03-26,4402.63,4444.64,4334.09,4368.03,112
2025-03-27,4455.14,4508.53,4306.35,4502.18,3247
2025-03-30,4503.28,4503.28,4378.99,4433.26,521
2025-04-01,4386.0,4471.77,4386.0,4458.69,2958
2025-04-02,4371.99,4458.64,4371.99,4454.05,147
2025-04-03,4454.05,4490.15,4389.5,4398.84,980
2025-04-07,4399.12,4542.41,4376.37,4517.2,1699
2025-04-08,4426.87,4477.02,4405.25,4456.29,409
2025-04-09,4541.79,4542.67,4389.5,4495.91,3199
2025-04-10,4407.35,4568.93,4407.35,4552.04,3059
2025-04-13,4472.65,4818.38,4472.65,4763.24,1641
2025-04-15,4761.49,4770.24,4486.65,4586.52,5221
2025-04-16,4495.4,4676.59,4495.4,4616.19,386
2025-04-17,4551.86,4744.42,4551.42,4685.3,4670
2025-04-20,4638.95,4778.99,4601.4,4700.95,866
2025-04-21,4656.46,4770.24,4639.21,4737.63,734
2025-04-22,4643.33,4772.87,4643.33,4692.99,814
2025-04-23,4692.99,4758.86,4621.44,4689.13,842
2025-04-24,4612.69,4776.37,4604.03,4741.3,3661
2025-04-27,4656.54,4657.33,4656.46,4656.56,442
2025-04-28,4625.82,4681.84,4621.44,4639.05,908
2025-04-29,4634.57,4634.57,4551.42,4569.17,319
2025-04-30,4595.19,4778.99,4551.42,4688.79,829
2025-05-04,4724.73,4724.73,4613.57,4639.82,159
2025-05-05,4595.27,4726.48,4595.19,4647.79,421
2025-05-06,4638.95,4638.95,4596.94,4611.78,93
2025-05-07,4551.51,4638.95,4551.42,4638.2,563
2025-05-08,4551.77,4726.48,4551.77,4726.48,157
2025-05-11,4726.48,4726.48,4551.68,4723.85,2300
2025-05-13,4732.6,4732.6,4551.42,4610.03,212
2025-05-14,4610.03,4621.44,4503.28,4513.35,631
2025-05-15,4462.06,4686.13,4462.06,4678.34,877
2025-05-18,4595.19,4680.96,4584.77,4593.46,336
2025-05-19,4508.62,4642.45,4424.68,4638.51,1745
2025-05-20,4546.17,4625.82,4516.41,4558.13,234
2025-05-21,4649.28,4742.23,4481.4,4584.04,2784
2025-05-22,4551.42,4814.0,4510.63,4739.65,5985
2025-05-25,4647.7,4691.47,4644.9,4685.45,259
2025-05-26,4685.45,4814.0,4639.3,4747.64,927
2025-05-27,4666.17,4760.61,4666.17,4759.12,3022
2025-05-28,4759.12,4812.25,4678.69,4801.33,337
2025-06-02,4705.47,4821.01,4682.71,4794.51,2906
2025-06-03,4794.51,4945.3,4727.09,4896.64,4508
2025-06-04,4857.77,4918.16,4770.42,4881.54,516
2025-06-05,4784.25,4954.92,4784.25,4896.53,271
2025-06-08,4799.21,4918.16,4799.21,4910.69,158
2025-06-09,4814.09,4857.77,4742.23,4857.77,215
2025-06-10,4935.67,4945.3,4761.58,4879.8,429
2025-06-11,4879.8,4884.03,4791.33,4878.0,156
2025-06-12,4781.01,4971.55,4781.01,4917.27,1644
2025-06-15,4819.26,4857.77,4770.24,4822.76,168
2025-06-16,4822.76,4900.66,4729.98,4814.4,505
2025-06-17,4718.69,4900.66,4718.69,4862.58,271
2025-06-18,4765.86,4857.77,4679.3,4847.61,936
2025-06-19,4847.61,4847.61,4726.56,4795.83,300
2025-06-22,4727.53,4802.63,4706.61,4706.61,221
2025-06-23,4639.82,4739.78,4638.95,4739.78,1374
2025-06-24,4648.67,4870.9,4648.67,4768.47,703
2025-06-25,4673.17,4869.06,4673.17,4814.0,672
2025-06-26,4814.0,4891.9,4739.69,4871.26,1112
2025-06-29,4783.37,4944.42,4744.25,4874.38,232
2025-06-30,4814.0,4892.78,4800.88,4881.62,88
2025-07-01,4784.07,4896.11,4784.07,4855.14,97
2025-07-02,4758.86,4909.41,4647.7,4880.6,1996
2025-07-03,4783.37,4900.48,4783.37,4882.57,109
2025-07-06,4961.84,4961.93,4787.75,4898.86,1290
2025-07-07,4932.17,4932.17,4801.14,4866.05,612
2025-07-08,4770.24,4877.02,4770.24,4868.03,179
2025-07-09,4771.12,5111.6,4771.12,4994.11,1513
2025-07-10,4894.27,4984.68,4795.71,4968.53,549
2025-07-13,4989.06,5059.08,4828.01,4843.76,465
2025-07-14,4843.76,4932.17,4750.11,4897.39,302
2025-07-15,4800.88,4935.58,4800.88,4898.87,996
2025-07-16,4835.89,4924.29,4831.6,4840.32,2890
2025-07-17,4832.39,4897.16,4818.56,4884.03,775
2025-07-20,4786.35,4884.03,4786.35,4849.28,803
2025-07-21,4753.79,4944.42,4568.93,4901.79,8555
2025-07-22,4804.38,5041.58,4804.38,5003.98,2296
2025-07-23,5102.84,5102.84,4857.77,4931.15,3395
2025-07-24,4911.25,5189.5,4842.01,5063.46,1978
2025-07-27,4989.06,5087.96,4964.55,5045.4,624
2025-07-28,5045.4,5045.4,4901.53,4977.67,1763
2025-07-29,4906.0,5076.59,4906.0,5069.37,791
2025-07-30,4969.02,5163.24,4969.02,5087.11,425
2025-07-31,5087.11,5133.48,4975.14,5084.36,252
2025-08-03,4989.41,5154.49,4989.15,5035.21,530
2025-08-04,4989.06,5064.33,4967.26,4989.93,451
2025-08-05,4989.93,5133.48,4901.53,5043.92,1139
2025-08-06,5128.23,5143.98,4968.23,5043.29,735
2025-08-07,4989.23,5128.05,4989.23,5089.23,527
2025-08-11,4987.48,5087.18,4945.3,5002.73,2587
2025-08-12,4949.67,5084.55,4949.67,5060.81,635
2025-08-13,4960.18,5087.96,4960.18,5052.54,298
2025-08-14,4989.06,5115.1,4989.06,5083.14,454
2025-08-17,4990.02,5101.97,4990.02,5057.63,769
2025-08-18,5057.63,5112.39,5015.49,5109.12,115
2025-08-19,5007.0,5111.6,5007.0,5105.44,735
2025-08-20,5006.56,5111.6,5006.56,5096.82,475
2025-08-21,5006.56,5137.77,5006.56,5105.97,265
2025-08-24,5033.79,5104.51,5032.82,5050.78,289
2025-08-25,4954.05,5221.01,4954.05,5116.45,772
2025-08-26,5017.16,5133.39,4918.16,5112.08,1324
2025-08-27,5032.82,5076.59,5019.78,5056.9,284
2025-08-28,4959.47,5155.36,4959.47,5133.09,819
2025-08-31,5032.82,5107.22,5032.82,5085.16,184
2025-09-01,5085.16,5111.6,5054.79,5107.51,435
2025-09-02,5005.78,5105.38,5005.69,5076.59,386
2025-09-03,4990.02,5133.39,4989.06,5121.76,3501
2025-09-04,5076.59,5426.61,5076.59,5279.86,8031
2025-09-07,5177.33,5405.69,5175.58,5321.82,797
2025-09-08,5216.63,5513.35,5216.63,5453.09,1163
2025-09-21,5344.07,5514.22,5164.11,5340.62,1770
2025-09-23,5251.64,5481.84,5251.64,5378.56,395
2025-09-24,5277.9,5503.72,5277.9,5503.72,527
2025-09-25,5393.7,5500.22,5321.75,5465.21,939
2025-09-28,5358.42,5447.7,5358.42,5447.7,204
2025-10-07,5339.17,5450.42,5339.17,5431.95,313
2025-10-08,5323.33,5759.3,5323.33,5759.3,609
2025-10-09,5644.11,5644.11,5339.17,5564.99,949
2025-10-12,5453.74,5461.71,5251.64,5452.95,1993
2025-10-13,5343.89,5473.09,5340.04,5467.83,906
2025-10-14,5366.39,5582.49,5358.6,5487.0,676
2025-10-15,5383.89,5597.37,5377.42,5470.46,503
2025-10-16,5362.01,5469.23,5254.79,5339.26,1396
2025-10-19,5435.45,5873.09,5253.48,5873.09,804
2025-10-26,5951.86,5951.86,5285.78,5601.93,132
2025-10-28,5489.89,5490.59,5380.13,5474.84,544
2025-10-29,5365.34,5460.83,5277.9,5426.7,383
2025-10-30,5318.16,5641.14,5273.61,5641.14,1180
2025-11-02,5528.32,5528.32,5400.44,5505.47,465
2025-11-03,5395.36,5415.23,5339.17,5415.23,577
2025-11-04,5306.96,5405.69,5306.96,5405.69,337
2025-11-05,5299.87,5405.69,5299.87,5395.1,235
2025-11-06,5295.4,5377.68,5295.4,5377.68,380
2025-11-09,5295.49,5374.18,5279.65,5374.18,778
2025-11-10,5378.56,5504.6,5339.34,5504.6,1004
2025-11-11,5394.57,5494.09,5374.18,5474.75,66
2025-11-12,5470.46,5470.46,5366.39,5414.35,168
2025-11-13,5312.91,5518.6,5312.91,5469.5,517
2025-11-16,5360.18,5439.91,5360.18,5404.73,85
2025-11-17,5470.37,5470.37,5317.55,5317.55,35
2025-11-18,5317.55,5404.64,5317.55,5404.64,124
2025-11-19,5316.85,5374.09,5316.85,5374.09,41
2025-11-20,5339.17,5409.19,5339.17,5404.73,361
2025-11-23,5404.73,5426.7,5339.61,5422.14,154
2025-11-24,5425.82,5509.76,5425.82,5509.76,545
2025-11-25,5399.65,5684.9,5339.17,5614.0,1610
2025-11-26,5501.79,5543.98,5164.11,5543.02,956
2025-11-27,5432.21,5644.64,5217.86,5644.64,82
2025-11-30,5531.82,5531.82,5207.88,5504.51,1380
2025-12-01,5505.47,5505.47,5402.45,5504.42,81
2025-12-02,5396.15,5503.63,5396.15,5503.63,20
2025-12-03,5396.06,5831.07,5396.06,5414.44,296
2025-12-07,5308.53,5417.86,5308.53,5417.86,120
2025-12-08,5339.17,5416.11,5339.17,5416.11,49
2025-12-09,5313.87,5432.56,5313.87,5426.7,228
2025-12-10,5322.63,5382.93,5322.63,5339.17,118
2025-12-11,5340.04,5382.93,5339.17,5382.93,130
2025-12-14,5295.4,5382.84,5295.4,5382.84,78
2025-12-15,5487.96,5487.96,5282.28,5382.93,124
2025-12-16,5276.5,5382.93,5276.5,5382.93,417
2025-12-17,5339.17,5409.19,5305.03,5409.19,178
2025-12-18,5508.97,5508.97,5398.86,5398.86,20
2025-12-21,5290.94,5339.17,5290.94,5339.17,55
2025-12-22,5251.64,5339.17,5251.64,5337.42,100
2025-12-23,5260.39,5364.46,5260.39,5364.46,168
2025-12-24,5304.25,5382.93,5257.24,5382.93,515
2025-12-28,5282.36,5377.68,5270.2,5352.21,212
2025-12-29,5251.9,5339.17,5251.9,5339.17,68
2025-12-31,5339.17,5347.92,5270.9,5347.92,70
2026-01-01,5270.11,5326.04,5269.15,5321.58,135
2026-01-04,5321.58,5323.41,5217.51,5323.41,630
2026-01-05,5273.52,5326.04,5251.64,5325.08,238
2026-01-06,5256.02,5649.89,5256.02,5273.52,833
2026-01-07,5378.47,5593.87,5264.77,5339.17,640
2026-01-08,5339.08,5424.95,5339.08,5339.17,2169
2026-01-12,5304.25,5356.5,5304.25,5356.5,164
2026-01-13,5295.4,5339.17,5252.52,5339.17,261
2026-01-14,5382.93,5417.94,5265.65,5269.15,345
2026-01-18,5328.67,5339.17,5322.54,5339.17,95
2026-01-20,5269.15,5337.86,5269.15,5336.46,244
2026-01-21,5336.46,5340.83,5270.02,5270.02,279
2026-01-22,5270.02,5347.92,5269.15,5269.15,194
2026-01-25,5374.09,5374.09,5295.4,5295.4,245
2026-01-26,5338.29,5339.17,5260.39,5339.17,323
2026-01-27,5251.64,5391.68,5251.64,5365.34,299
2026-01-28,5259.52,5361.93,5259.52,5361.93,98
2026-01-29,5255.4,5360.18,5255.14,5296.28,108
2026-02-01,5296.28,5348.71,5251.64,5253.39,146
2026-02-02,5253.39,5356.67,5253.39,5260.39,370
2026-02-03,5199.21,5256.02,5199.21,5252.52,72
2026-02-04,5164.11,5445.95,5164.11,5273.35,5649
2026-02-05,5190.37,5383.46,5190.37,5277.9,569
2026-02-08,5278.86,5445.95,5250.77,5287.53,1220
2026-02-09,5391.68,5499.34,5286.65,5291.99,762
2026-02-10,5397.81,5505.38,5348.1,5503.37,238
2026-02-11,5393.35,5426.7,5360.18,5360.18,84
2026-02-12,5261.01,5579.87,5260.48,5426.7,1318
2026-02-16,5470.46,5527.35,5426.87,5511.51,291
2026-02-17,5402.71,5548.27,5402.71,5514.14,181
2026-02-22,5540.39,5600.0,5207.88,5470.46,2452
2026-02-23,5470.46,5527.35,5361.05,5514.22,573
2026-02-24,5474.92,5553.61,5470.46,5531.73,644
2026-02-25,5597.29,5597.29,5514.22,5564.9,259
2026-02-26,5453.65,5562.71,5453.65,5562.71,218
2026-03-01,5536.11,5593.0,5527.44,5557.99,1355
2026-03-03,5557.99,5654.27,5557.99,5601.75,925
2026-03-09,5713.79,5713.79,5713.79,5713.79,10
2026-03-10,5776.81,5776.81,5550.2,5550.2,107
2026-03-11,5557.99,5669.15,5557.99,5636.67,802
2026-03-12,5601.75,5710.98,5601.75,5610.59,239
2026-03-15,5614.97,5670.81,5601.75,5670.81,282
2026-03-16,5623.63,5645.51,5602.71,5645.51,246
2026-03-17,5620.13,5689.28,5619.26,5689.28,202
2026-03-19,5575.49,5775.93,5484.55,5689.28,710
2026-03-22,5689.28,5797.81,5575.49,5759.3,314
2026-03-23,5644.11,5774.18,5635.54,5745.3,552
2026-03-24,5741.79,5765.43,5654.44,5765.43,351
2026-03-25,5742.67,5742.67,5655.4,5655.4,110
2026-03-26,5601.75,5819.69,5601.75,5817.94,4414
2026-03-29,5701.62,5810.94,5649.89,5810.94,175
2026-03-30,5702.41,5774.18,5694.79,5694.79,351
2026-03-31,5694.79,5724.29,5585.12,5585.12,298
2026-04-01,5585.12,5667.31,5516.85,5528.23,694
2026-04-02,5528.23,5732.87,5528.23,5732.87,791
2026-04-05,5619.34,5645.51,5509.85,5523.85,326
2026-04-06,5413.39,5731.29,5413.39,5689.28,1122
2026-04-07,5575.49,5668.27,5541.36,5668.27,287
2026-04-08,5668.27,5775.93,5567.61,5571.47,881
2026-04-09,5682.8,6128.6,5682.8,6128.6,1470
2026-04-10,6128.6,6399.8,6128.6,6368.1,552
2026-04-13,6240.8,6492.0,6240.8,6465.0,492
2026-04-15,6336.0,6655.0,6230.0,6590.0,441
2026-04-16,6458.2,6989.0,6310.0,6458.8,833
2026-04-17,6329.7,6987.0,6203.2,6404.9,459
2026-04-20,6300.0,6477.0,6215.0,6380.0,1362
2026-04-21,6200.0,6329.9,6200.0,6329.0,268
2026-04-22,6056.0,6424.0,6056.0,6285.0,588
2026-04-23,6111.1,6244.0,6106.1,6235.9,265
2026-04-24,6235.9,6282.0,6096.0,6282.0,503
2026-04-27,6282.0,6330.0,6135.0,6282.0,164
2026-04-28,6282.0,6251.0,6115.1,6251.0,524
2026-04-29,6251.0,6275.0,6100.0,6275.0,101
2026-04-30,6200.0,6285.0,6200.0,6285.0,21
2026-05-04,6100.0,6100.0,6000.0,6000.1,213
2026-05-05,5821.0,6100.0,5760.1,6093.9,2059
2026-05-06,5800.0,6000.0,5800.0,5950.0,207
2026-05-07,5772.0,5919.9,5607.2,5919.9,687
2026-05-08,5625.1,6050.0,5625.1,6050.0,371
2026-05-11,5747.5,6466.0,5747.5,6460.0,1021
2026-05-12,6266.2,6266.2,5919.0,6065.0,841
2026-05-13,5800.0,6050.0,5500.0,6050.0,2480
2026-05-14,5872.0,6044.7,5870.0,6005.0,661
2026-05-15,5800.0,6382.0,5630.0,6020.0,630
2026-05-18,5899.0,5996.0,5825.0,5993.0,248
2026-05-19,5750.0,6150.0,5750.0,6150.0,62
2026-05-20,5965.5,6049.9,5790.0,6049.9,999
2026-05-21,6352.3,6352.3,5835.1,5938.0,321
2026-05-22,5938.0,5946.0,5844.0,5901.0,168
2026-05-25,5901.0,6050.0,5733.0,6038.0,1185
2026-05-26,5899.0,5990.0,5890.0,5890.0,358
2026-05-27,5760.0,5998.0,5760.0,5969.9,154
2026-06-01,5900.0,5980.0,5810.0,5980.0,157
2026-06-02,5681.0,6392.0,5681.0,5800.0,1616
2026-06-03,5815.0,5945.0,5815.0,5934.8,564
2026-06-04,5800.0,6070.0,5800.0,5965.0,179
2026-06-05,5801.0,5944.9,5801.0,5940.0,865
2026-06-08,5780.1,5950.0,5780.1,5870.0,401
2026-06-09,5750.1,5886.0,5750.1,5874.0,854
2026-06-10,5751.0,5875.0,5751.0,5874.9,182
2026-06-11,5751.0,5852.0,5751.0,5775.0,178
2026-06-12,5750.0,5800.0,5750.0,5800.0,127
2026-06-15,5800.0,5849.9,5750.0,5819.9,205
2026-06-16,5846.0,5929.0,5735.0,5843.0,272
2026-06-17,5707.0,5868.0,5701.0,5868.0,128
2026-06-18,5580.0,6603.0,5541.0,6603.0,1107
2026-06-19,6933.0,6933.0,5806.0,5929.0,913
2026-06-22,5780.0,5910.0,5780.0,5900.0,172
2026-06-23,5777.0,5899.0,5730.0,5899.0,627
2026-06-24,5899.0,5899.0,5723.0,5875.0,161
2026-06-25,5711.0,5900.0,5709.0,5900.0,309
2026-06-26,5725.1,5894.0,5721.0,5894.0,333
2026-06-29,5722.6,5884.9,5722.0,5884.9,509
2026-06-30,5714.0,5882.0,5711.6,5882.0,372
2026-07-01,5707.0,6061.5,5707.0,6061.5,387
2026-07-02,5761.0,6673.0,5450.0,6673.0,10311
2026-07-03,7006.6,7006.6,7006.6,7006.6,10
2026-07-06,7356.0,7356.0,6796.5,6796.5,26
2026-07-07,7136.0,7136.0,5777.1,5860.0,1841
2026-07-08,5685.0,5870.0,5685.0,5869.0,380
2026-07-09,5600.0,6274.0,5576.0,5798.0,1731
2026-07-10,5676.0,6416.0,5560.0,6416.0,1203
2026-07-13,6736.8,6736.8,6736.8,6736.8,10
2026-07-14,7073.0,7073.0,7073.0,7073.0,10
2026-07-15,7425.0,7425.0,6860.9,6860.9,20
2026-07-16,7200.0,7200.0,7200.0,7200.0,10
2026-07-17,7560.0,7560.0,6120.0,6120.0,267
2026-07-20,5814.0,5936.4,5641.0,5700.0,4326
2026-07-21,5640.0,6345.0,5620.0,5845.0,2620
2026-07-22,5650.0,6545.0,5650.0,5841.0,1491
2026-07-23,5600.0,6491.0,5600.0,5818.0,1113
2026-07-24,5550.0,6659.0,5550.0,6659.0,3788
2026-07-27,6136.4,6136.4,5660.2,5768.0,3018
2026-07-28,5768.0,6292.0,5552.0,5735.0,3487
2026-07-29,5650.0,5658.0,5600.0,5658.0,2170
2026-07-30,5660.9,6134.0,5489.0,5697.0,3867
2026-07-31,5460.0,6277.0,5460.0,5649.0,1810
2026-08-03,5665.0,6050.0,5501.0,5628.0,7546
2026-08-04,5476.0,5598.0,5476.0,5578.0,862
2026-08-05,5550.0,5550.0,5470.0,5544.0,1542
2026-08-06,5560.0,5560.0,5411.0,5524.0,1194
2026-08-07,5411.0,5999.0,5300.0,5999.0,5041
2026-08-10,5819.1,5819.1,5311.8,5467.0,2737
2026-08-11,5325.0,5790.0,5300.0,5438.0,2026
2026-08-12,5338.0,5755.9,5301.0,5305.0,2070
2026-08-13,5356.0,5560.0,5200.0,5400.0,1587
2026-08-14,5356.0,5548.0,5250.0,5320.0,999
2026-08-17,5320.0,5325.0,5210.1,5310.0,699
2026-08-18,5212.0,5319.0,5175.1,5225.0,2311
2026-08-19,5160.0,5237.0,5060.0,5100.0,1800
2026-08-20,5050.0,5140.0,4956.0,5138.0,1420
2026-08-21,5149.0,5292.0,5005.0,5140.0,791
2026-08-24,5011.0,5119.0,5010.0,5119.0,727
2026-08-25,5110.0,5110.0,5021.0,5085.0,294
2026-08-26,5003.0,5097.0,5001.5,5001.5,865
2026-08-27,4944.0,5462.0,4856.0,4920.0,1103
2026-08-31,4816.8,4944.0,4810.0,4944.0,1294
2026-09-01,4943.0,5450.0,4800.0,4859.0,1476
